first_name,last_name,email,password
Nikhil,siri,siri.n@northeastern.edu,12345
Kusu,nara,n.kusu@northeastern.edu,12345
Manish,tanu,tanu.ma@northeastern.edu,12345
harish,vuyu,v.harish@northeastern.edu,12345
Teju,v,v.teju@northeastern.edu,12345
Vikram,p,p.vikram@northeastern.edu,12345
anwesh,v,v.anwesh@northeastern.edu,12345
Tom,v,v.tom@northeastern.edu,12345
Vidya,v,v.Vidya@northeastern.edu,12345